username,email
Jeff,jeff@travcomp.com
Luca,luca@travcomp.com
Frank,frank@travcomp.com
Enri,enri@travcomp.com
Gcdb,gcdb@travcomp.com
River,river@travcomp.com